{"train_loss": [0.6210716267426809, 0.420272935628891, 0.3854004387060801, 0.3734218881527583, 0.3633604512612025, 0.36147576133410136, 0.3633375628789266, 0.3557604785760244, 0.3571228094895681, 0.35809972087542213, 0.3548363318045934, 0.3545593390862147, 0.35381667097409564, 0.356455882191658, 0.352777198155721, 0.35206392308076223], "val_loss": [0.23220618605613708, 0.08078617086013158, 0.1591372299194336, 0.10171658833821615, 0.08397852589686712, 0.08356369018554688, 0.07621660858392715, 0.08901499430338541, 0.08356897999842962, 0.0733770243326823, 0.0896540833512942, 0.07807184865077336, 0.0819659678141276, 0.08683031727870305, 0.08115442911783854, 0.07908983876307805], "train_accuracy": [0.8808333333333334, 0.9741666666666666, 0.9902083333333334, 0.99375, 0.9970833333333333, 0.9971875, 0.9961458333333333, 0.9988541666666667, 0.9982291666666666, 0.9972916666666667, 0.9985416666666667, 0.9985416666666667, 0.9988541666666667, 0.9979166666666667, 0.99875, 0.9990625], "val_accuracy": [0.9216666666666666, 0.9983333333333333, 0.9591666666666666, 0.9983333333333333, 0.9983333333333333, 0.9983333333333333, 0.9991666666666666, 0.9975, 0.9983333333333333, 0.9983333333333333, 0.9983333333333333, 0.9983333333333333, 0.9983333333333333, 0.9983333333333333, 0.9983333333333333, 1.0], "lr": [0.00032590953063053895, 0.0007768153846123316, 0.0009999998495731565, 0.0009965740369778165, 0.0009864329800135328, 0.0009697138190789274, 0.0009466426521441897, 0.0009175314771638971, 0.0008827739728399063, 0.0008428401747922606, 0.0007982701191337676, 0.000749666539407996, 0.0006976867156520789, 0.0006430335858117655, 0.0005864462397115821, 0.0005286899241328532]}