{"class_loss": [0.35136616269747417, 0.35120004892349244, 0.3506561317046483, 0.3507807070016861, 0.3508569693565369, 0.3512722444534302, 0.3511399382352829, 0.35124244809150695, 0.3519733339548111, 0.35158360123634336, 0.3519983257850011, 0.3519412275155385, 0.35185287992159525, 0.3510244353612264, 0.3513298173745473, 0.3512510981162389, 0.35152278224627176, 0.351228879292806, 0.3519120051463445, 0.351710834701856, 0.35225448230902356, 0.35239834705988565, 0.3519746740659078, 0.3524743382136027, 0.35181949158509573, 0.3514154464006424, 0.3525154568751653, 0.35168485085169476, 0.3517546021938324, 0.35218728641668956], "domain_loss": [0.1300878127873875, 0.003183077085802021, 0.001691901998128742, 0.003190324710897888, 0.016516886836810348, 0.012180998208932578, 0.028098686430603266, 0.059848030402014654, 0.1357823871076107, 0.126105230897665, 0.13325434252619744, 0.19534186124801636, 0.20502630452315013, 0.2041224909822146, 0.20880168934663138, 0.19321690996487936, 0.1699668272336324, 0.1630675786236922, 0.20738759726285935, 0.2099197647968928, 0.2246356231967608, 0.2604856191078822, 0.3619355411330859, 0.3852585287888845, 0.40005649824937184, 0.4106543618440628, 0.40090776840845743, 0.40144096632798515, 0.4080948128302892, 0.4015779266754786], "val_acc": [0.48833333333333334, 0.4841666666666667, 0.49083333333333334, 0.48333333333333334, 0.4816666666666667, 0.48333333333333334, 0.485, 0.4825, 0.4825, 0.4841666666666667, 0.4841666666666667, 0.48833333333333334, 0.48333333333333334, 0.4816666666666667, 0.48, 0.48, 0.48, 0.48, 0.49166666666666664, 0.4791666666666667, 0.47583333333333333, 0.4741666666666667, 0.47833333333333333, 0.4766666666666667, 0.47583333333333333, 0.475, 0.4725, 0.4725, 0.4716666666666667, 0.4691666666666667], "real_acc": [0.36363636363636365, 0.36363636363636365, 0.3181818181818182, 0.36363636363636365, 0.36363636363636365, 0.36363636363636365, 0.3181818181818182, 0.3181818181818182, 0.3181818181818182, 0.3181818181818182, 0.2727272727272727, 0.2727272727272727, 0.3181818181818182, 0.3181818181818182, 0.3181818181818182, 0.2727272727272727, 0.3181818181818182, 0.22727272727272727, 0.22727272727272727, 0.22727272727272727, 0.2727272727272727, 0.2727272727272727, 0.3181818181818182, 0.2727272727272727, 0.2727272727272727, 0.2727272727272727, 0.2727272727272727, 0.2727272727272727, 0.2727272727272727, 0.2727272727272727], "lambda": [0.16514041292462944, 0.32151273753163445, 0.4621171572600098, 0.5827829453479101, 0.6822617902381698, 0.7615941559557646, 0.8232006455858834, 0.870061661742672, 0.9051482536448667, 0.9311096086675774, 0.9501511467057719, 0.9640275800758169, 0.9740925449386082, 0.9813680813098666, 0.9866142981514305, 0.9903904942256809, 0.9931050973968727, 0.9950547536867307, 0.9964540908104156, 0.9974579674738373, 0.9981778976111988, 0.9986940693248945, 0.9990640865487344, 0.9993292997390673, 0.9995193765743622, 0.9996555948057622, 0.9997532108480274, 0.9998231616599622, 0.9998732866165005, 0.9999092042625952]}